{
  "camera": {
    "yaw": 86.7,
    "pitch": 42.900000000000006,
    "distance": 238.79923640534565,
    "target": [
      0.0,
      0.7250000238418579,
      0.0
    ]
  }
}
